No,Channel,Date,Title,category,product,Ad Value,PR Value,Media Name,Link URL,Sentiment
1,Online Media,4/1/2024,MyIX to Provide Free Network Infrastructure Training Course,"Enterprise, Wholesale, or Public Sector",Enterprise products,3000,6000,BIZVANTAGE 360,https://bizvantage360.com/myix-to-provide-free-network-infrastructure-training-course/,positive
2,Online Media,4/1/2024,MyIX Now Offers a Free Network Infrastructure Training Course,"Enterprise, Wholesale, or Public Sector",Enterprise products,1000,2000,BUSINESS CIRCLE KL,https://businesscirclekl.com/myix-now-offers-a-free-network-infrastructure-training-course/,positive
3,Online Media,4/1/2024,MyIX Offers Free 7-Day Network Infrastructure Training Course,"Enterprise, Wholesale, or Public Sector",Enterprise products,2000,4000,TECHBARISSTA,https://www.techbarrista.com/myix-offers-free-7-day-network-infrastructure-training-course/,positive
4,Online Media,4/1/2024,MyIX Initiates Free 7-Day Network Infrastructure Training Course in Line with CSR Initiatives,"Enterprise, Wholesale, or Public Sector",Enterprise products,11200,22400,MALAYSIA KINI - MY,https://www.malaysiakini.com/announcement/692086,positive
5,Online Media,4/1/2024,"MDEC commends MyIX for ‘keeping internet traffic local', developing local talent","Enterprise, Wholesale, or Public Sector",Enterprise products,2000,4000,NEWSWAV.COM,https://newswav.com/article/mdec-commends-myix-for-keeping-internet-traffic-local-developing-local-tale-A2401_oeLRDA,positive
6,Online Media,4/1/2024,"MDEC commends MyIX for ‘keeping internet traffic local', developing local talent","Enterprise, Wholesale, or Public Sector",Enterprise products,4000,8000,FOCUS MALAYSIA,https://focusmalaysia.my/mdec-commends-myix-for-keeping-internet-traffic-local-developing-local-talent/,positive
7,Online Media,4/1/2024,"MDEC commends MyIX for ‘keeping internet traffic local', developing local talent","Enterprise, Wholesale, or Public Sector",Enterprise products,8400,16800,I3INVESTOR MY,https://klse.i3investor.com/web/blog/detail/savemalaysia/2024-01-04-story-h-211356325-MDEC_commends_MyIX_for_keeping_internet_traffic_local_developing_local_,positive
8,TV,5/1/2024,Sarawak Tuan Rumah Sambut Hawana 2024,"Enterprise, Wholesale, or Public Sector",Enterprise products,14500,43500,Bernama News Channel,https://dxtan-cdn.dxt360.app/202404031406/e3e9b2a72739146e5d3352a62c19a78d/broadcast/media/NAMA/202401/36937211.MP4,neutral
9,Printmedia,8/1/2024,INSIDER MOVES,"Enterprise, Wholesale, or Public Sector",Enterprise products,9017,27051,The Edge,https://dxtan-cdn.dxt360.app/202404031406/78baa12d35ab0bc7c5ca524ff6cdc84f/broadcast/media/NAMA/202401/36977197.JPG,neutral
10,Online Media,8/1/2024,2023 - NEWSMAKERS: CORPORATE PERSONALITIES MAKING WAVES,"Enterprise, Wholesale, or Public Sector",Enterprise products,2000,4000,THE EDGE,https://theedgemalaysia.com/node/695653,positive
11,Online Media,8/1/2024,2023 - NEWSMAKERS: A YEAR OF M&As,"Enterprise, Wholesale, or Public Sector",Enterprise products,2000,4000,NEWSWAV.COM,https://newswav.com/article/2023-newsmakers-a-year-of-m-as-A2401_z9NYLq,positive
12,Online Media,8/1/2024,2023 - NEWSMAKERS: CORPORATE PERSONALITIES MAKING WAVES,"Enterprise, Wholesale, or Public Sector",Enterprise products,2000,4000,NEWSWAV.COM,https://newswav.com/article/2023-newsmakers-corporate-personalities-making-waves-A2401_8dKGQh,positive
13,Online Media,8/1/2024,2023 - NEWSMAKERS: CORPORATE PERSONALITIES MAKING WAVES,"Enterprise, Wholesale, or Public Sector",Enterprise products,1600,3200,KLSE SCREENER,https://www.klsescreener.com/v2/news/view/1259031/2023-newsmakers-corporate-personalities-making-waves,positive
14,Online Media,8/1/2024,2023 - NEWSMAKERS: A YEAR OF M&As,"Enterprise, Wholesale, or Public Sector",Enterprise products,1600,3200,KLSE SCREENER,https://www.klsescreener.com/v2/news/view/1259033/2023-newsmakers-a-year-of-m-as,positive
15,Online Media,8/1/2024,2023 - NEWSMAKERS: CORPORATE PERSONALITIES MAKING WAVES,"Enterprise, Wholesale, or Public Sector",Enterprise products,5600,11200,MSN.COM MALAY,https://www.msn.com/en-my/money/topstories/2023-newsmakers-corporate-personalities-making-waves/ar-AA1mBDLG,positive
16,Online Media,9/1/2024,Deals of 2023: Best Mergers & Acquisitions,All Categories,All products,2000,4000,THE EDGE,https://www.theedgemalaysia.com/node/695237,positive
17,Online Media,9/1/2024,Deals Of 2023: Best Share Placement,All Categories,All products,2000,4000,THE EDGE,https://theedgemalaysia.com/node/695242,negative
18,Online Media,9/1/2024,Deals Of 2023: Best Share Placement,All Categories,All products,1600,3200,KLSE SCREENER,https://www.klsescreener.com/v2/news/view/1259941/Deals_Of_2023_Best_Share_Placement,negative
19,Online Media,9/1/2024,Deals of 2023: Best Mergers & Acquisitions,All Categories,All products,1600,3200,KLSE SCREENER,https://www.klsescreener.com/v2/news/view/1259923/deals-of-2023-best-mergers-acquisitions,positive
20,Online Media,9/1/2024,Deals Of 2023: Best Share Placement,All Categories,All products,1600,3200,KLSE SCREENER,https://www.klsescreener.com/v2/news/view/1259941/deals-of-2023-best-share-placement,negative
21,Printmedia,11/1/2024,Supportline,"Enterprise, Wholesale, or Public Sector",Enterprise products,10870,32611,The Star,https://dxtan-cdn.dxt360.app/202404031406/39532096d929291fe0a1ede9ae58cfc8/broadcast/media/NAMA/202401/37151348.JPG,neutral
22,Online Media,9/1/2024,Deals of 2023: Best Mergers & Acquisitions,All Categories,All products,5600,11200,MSN.COM MALAY,https://www.msn.com/en-my/money/topstories/deals-of-2023-best-mergers-acquisitions/ar-AA1mG7qC,positive
23,Online Media,9/1/2024,Deals Of 2023: Best Share Placement,All Categories,All products,2000,4000,NEWSWAV.COM,https://newswav.com/article/deals-of-2023-best-share-placement-A2401_Vu2hge,negative
24,Printmedia,11/1/2024,"Bank Islam: This year will be a good year for the Malaysia stock market, with the KLCI expected to reach 1,720 points",All Categories,All products,2289,6868,Nanyang Siang Pau,https://dxtan-cdn.dxt360.app/202404031406/3d7c3669e1c0b63aa91e25d48ad9283c/broadcast/media/NAMA/202401/37169162.JPG,neutral
25,Online Media,16/1/2024,Telecommunications - Not a Clear Line,All Categories,All products,1000,2000,I3INVESTOR,https://klse1.i3investor.com/blogs/rhbinvest/2024-01-16-story-h-210463272-Telecommunications_Not_a_Clear_Line.jsp,positive
26,Online Media,16/1/2024,Telecommunications - Not a Clear Line,All Categories,All products,8400,16800,I3INVESTOR MY,https://klse.i3investor.com/web/blog/detail/rhbinvest/2024-01-16-story-h-210463272-Telecommunications_Not_a_Clear_Line,positive
27,Online Media,16/1/2024,"Insider Moves: Minetech Resources Bhd, Jiankun International Bhd, Frontken Corp Bhd, CCK Consolidat","Enterprise, Wholesale, or Public Sector",Enterprise products,2000,4000,THE EDGE,https://www.theedgemalaysia.com/node/696742,positive
28,Online Media,16/1/2024,"Insider Moves: Minetech Resources Bhd, Jiankun International Bhd, Frontken Corp Bhd, CCK Consolidat","Enterprise, Wholesale, or Public Sector",Enterprise products,2000,4000,NEWSWAV.COM,https://newswav.com/article/insider-moves-minetech-resources-bhd-jiankun-international-bhd-frontken-cor-A2401_VFIAgS,positive
29,Online Media,16/1/2024,"Insider Moves: Minetech Resources Bhd, Jiankun International Bhd, Frontken Corp Bhd, CCK Consolidat","Enterprise, Wholesale, or Public Sector",Enterprise products,1600,3200,KLSE SCREENER,https://www.klsescreener.com/v2/news/view/1263523/insider-moves-minetech-resources-bhd-jiankun-international-bhd-frontken-corp-bhd-cck-consolidated-holdings-bhd-eden-inc-bhd-time-dotcom-bhd,positive
30,Online Media,16/1/2024,"Insider Moves: Minetech Resources Bhd, Jiankun International Bhd, Frontken Corp Bhd, CCK Consolidat","Enterprise, Wholesale, or Public Sector",Enterprise products,1600,3200,KLSE SCREENER,https://www.klsescreener.com/v2/news/view/1263523/Insider_Moves_Minetech_Resources_Bhd_Jiankun_International_Bhd_Frontken_Corp_Bhd_CCK_Consolidated_Holdings_Bhd_Eden_Inc_Bhd_TIME_dotCom_Bhd,positive
31,Online Media,16/1/2024,"Insider Moves: Minetech Resources Bhd, Jiankun International Bhd, Frontken Corp Bhd, CCK Consolidat","Enterprise, Wholesale, or Public Sector",Enterprise products,5600,11200,MSN.COM MALAY,https://www.msn.com/en-my/money/topstories/insider-moves-minetech-resources-bhd-jiankun-international-bhd-frontken-corp-bhd-cck-consolidated-holdings-bhd-eden-inc-bhd-time-dotcom-bhd/ar-AA1n2kHT,positive
32,Online Media,16/1/2024,"Telecommunications – No Clear Line, RHB Stays On Neutral",All Categories,All products,2000,4000,BUSINESS TODAY MY,https://www.businesstoday.com.my/2024/01/16/telecommunications-no-clear-line-rhb-stays-on-neutral/,positive
33,Online Media,25/1/2024,Blog: Mplus Market Pulse - 8 Nov 2021,All Categories,All products,1000,2000,I3INVESTOR,https://klse1.i3investor.com/servlets/forum/600623460.jsp,positive
34,Online Media,26/1/2024,"Telcos, developers set to gain from data centre boom — CIMB, KAF",All Categories,All products,1600,3200,KLSE SCREENER,https://www.klsescreener.com/v2/news/view/1268877/telcos-developers-set-to-gain-from-data-centre-boom-cimb-kaf,positive
35,Online Media,26/1/2024,"Telcos, developers set to gain from data centre boom — CIMB, KAF",All Categories,All products,2000,4000,THE EDGE,https://www.theedgemalaysia.com/node/698667,positive
36,Online Media,26/1/2024,"Telcos, developers set to gain from data centre boom — CIMB, KAF",All Categories,All products,2000,4000,NEWSWAV.COM,https://newswav.com/article/telcos-developers-set-to-gain-from-data-centre-boom-cimb-kaf-A2401_cNksMZ,positive
37,Online Media,26/1/2024,"Telcos, developers set to gain from data centre boom — CIMB, KAF",All Categories,All products,1600,3200,KLSE SCREENER,https://www.klsescreener.com/v2/news/view/1268877/Telcos_developers_set_to_gain_from_data_centre_boom_CIMB_KAF,positive
38,Online Media,26/1/2024,"Telcos, developers set to gain from data centre boom — CIMB, KAF",All Categories,All products,5600,11200,MSN.COM MALAY,https://www.msn.com/en-my/money/topstories/telcos-developers-set-to-gain-from-data-centre-boom-cimb-kaf/ar-BB1hhbUw,positive
1,Online Media,3/2/2024,Malaysia Data Center Colocation Market Report 2024: Supply & Demand Analysis 2023-2029 - Coverage o,"Enterprise, Wholesale, or Public Sector",Enterprise products,2000,4000,CRISIS MANAGEMENT CENTRE,http://www.businesswire.com/news/home/20240202564374/en/Malaysia-Data-Center-Colocation-Market-Report-2024-Supply-Demand-Analysis-2023-2029---Coverage-of-32-Existing-Facilities-and-25-Upcoming-Facilities---ResearchAndMarkets.com,positive
2,Online Media,7/2/2024,Thailand Data Center Colocation Market Supply & Demand Analysis Report 2024-2029 Featuring Existing,"Enterprise, Wholesale, or Public Sector",Enterprise products,2000,4000,CRISIS MANAGEMENT CENTRE,http://www.businesswire.com/news/home/20240206835900/en/Thailand-Data-Center-Colocation-Market-Supply-Demand-Analysis-Report-2024-2029-Featuring-Existing-and-New-Players-Such-as-Telehouse-Evolution-AIS-Singtel-Gulf-Energy-Edge-CtrlS-Among-Others---ResearchAndMarkets.com,positive
3,Online Media,8/2/2024,Going high-tech to meet internet demands,All Categories,All products,1000,2000,THE SUN DAILY,https://thesun.my/local_news/going-high-tech-to-meet-internet-demands-LE12075835,positive
4,Online Media,8/2/2024,Going high-tech to meet internet demands,All Categories,All products,2000,4000,LUMI NEWS MALAYSIA,https://luminews.my/news/1954370,positive
5,Online Media,13/2/2024,"""Gamuda's IBS capabilities to help it secure data centre jobs in Klang Valley""","Enterprise, Wholesale, or Public Sector",Enterprise products,4800,9600,NST ONLINE - MY,https://www.nst.com.my/business/corporate/2024/02/1012713/gamudas-ibs-capabilities-help-it-secure-data-centre-jobs-klang,positive
6,Online Media,13/2/2024,What's Next For Gamuda? Data Centre Projects,"Enterprise, Wholesale, or Public Sector",Enterprise products,2000,4000,BUSINESS TODAY MY,https://www.businesstoday.com.my/2024/02/13/whats-next-for-gamuda-data-centre-projects/,positive
7,Online Media,13/2/2024,"""Gamuda's IBS capabilities to help it secure data centre jobs in Klang Valley""","Enterprise, Wholesale, or Public Sector",Enterprise products,1600,3200,KLSE SCREENER,https://www.klsescreener.com/v2/news/view/1276663/gamuda-039-s-ibs-capabilities-to-help-it-secure-data-centre-jobs-in-klang-valley,positive
8,Online Media,13/2/2024,RHB raises target price for Gamuda amid upbeat prospects on data centre market,"Enterprise, Wholesale, or Public Sector",Enterprise products,2000,4000,NEWSWAV.COM,https://newswav.com/article/rhb-raises-target-price-for-gamuda-amid-upbeat-prospects-on-data-centre-mar-A2402_VEcYXe,positive
9,Online Media,13/2/2024,RHB raises target price for Gamuda amid upbeat prospects on data centre market,"Enterprise, Wholesale, or Public Sector",Enterprise products,2000,4000,THE EDGE,https://theedgemalaysia.com/node/700685,positive
10,Online Media,13/2/2024,RHB raises target price for Gamuda amid upbeat prospects on data centre market,"Enterprise, Wholesale, or Public Sector",Enterprise products,1600,3200,KLSE SCREENER,https://www.klsescreener.com/v2/news/view/1276689/rhb-raises-target-price-for-gamuda-amid-upbeat-prospects-on-data-centre-market,positive
11,Online Media,13/2/2024,Gamuda - in a Sweet Spot to Leverage on Data Centre Growth,"Enterprise, Wholesale, or Public Sector",Enterprise products,8400,16800,I3INVESTOR MY,https://klse.i3investor.com/web/blog/detail/rhbinvest/2024-02-13-story-h-188506496-Gamuda_in_a_Sweet_Spot_to_Leverage_on_Data_Centre_Growth,positive
12,Online Media,14/2/2024,Gamuda eyes Klang Valley data centre jobs,"Enterprise, Wholesale, or Public Sector",Enterprise products,11200,22400,THE STAR ONLINE - MY,https://www.thestar.com.my/business/business-news/2024/02/14/gamuda-eyes-klang-valley-data-centre-jobs,positive
13,Online Media,15/2/2024,"Bursa Malaysia ends mixed, with FBM KLCI closing marginally lower","Enterprise, Wholesale, or Public Sector",Enterprise products,4800,9600,NST ONLINE - MY,https://www.nst.com.my/business/corporate/2024/02/1013740/bursa-malaysia-ends-mixed-fbm-klci-closing-marginally-lower,neutral
14,Online Media,19/2/2024,"TIME Introduces Emit Solar, Its All-In-One Solar Solution Service For Landed Houses","Enterprise, Wholesale, or Public Sector",Enterprise products,8400,16800,LOWYAT,https://www.lowyat.net/2024/316656/time-introduces-emit-solar-its-all-in-one-solar-solution-service-for-landed-houses/,positive
15,Online Media,25/2/2024,Ilmu Teknikal Analisis: Reversal Bearish Tweezer Top,"Enterprise, Wholesale, or Public Sector",Enterprise products,1000,2000,MAJALAH LABUR,https://www.majalahlabur.com/saham/technical-analysis/ilmu-teknikal-analisis-reversal-bearish-tweezer-top/,negative
16,Online Media,26/2/2024,"Brokers Digest: Local Equities - Engtex Group Bhd, Gamuda Bhd, ITMAX System Bhd, Infomina Bhd",All Categories,All products,2000,4000,THE EDGE,https://www.theedgemalaysia.com/node/701419,positive
17,Online Media,26/2/2024,"Brokers Digest: Local Equities - Engtex Group Bhd, Gamuda Bhd, ITMAX System Bhd, Infomina Bhd",All Categories,All products,2000,4000,NEWSWAV.COM,https://newswav.com/article/brokers-digest-local-equities-engtex-group-bhd-gamuda-bhd-itmax-system-bhd-A2402_EAjEpE,positive
18,Online Media,29/2/2024,Time dotCom Reports 9% Revenue Growth For FY2023,All Categories,All products,2000,4000,BUSINESS TODAY MY,https://www.businesstoday.com.my/2024/02/29/time-dotcom-reports-9-revenue-growth-for-fy2023/,positive
19,Online Media,29/2/2024,"TIME dotCom posts record profits, dividend for FY2023",All Categories,All products,2000,4000,NEWSWAV.COM,https://newswav.com/article/time-dotcom-posts-record-profits-dividend-for-fy2023-A2402_XRjo7K,neutral
20,Online Media,29/2/2024,"TIME dotCom posts record profits, dividend for FY2023",All Categories,All products,1600,3200,KLSE SCREENER,https://www.klsescreener.com/v2/news/view/1286087/TIME_dotCom_posts_record_profits_dividend_for_FY2023,neutral
21,Online Media,29/2/2024,"TIME dotCom posts record profits, dividend for FY2023",All Categories,All products,2000,4000,THE EDGE,https://www.theedgemalaysia.com/node/702940,neutral
22,Online Media,29/2/2024,TIME dotCom 2023财年净利和股息创纪录,All Categories,All products,2000,4000,NEWSWAV.COM,https://newswav.com/article/time-dotcom-2023%E8%B4%A2%E5%B9%B4%E5%87%80%E5%88%A9%E5%92%8C%E8%82%A1%E6%81%AF%E5%88%9B%E7%BA%AA%E5%BD%95-A2402_ABOgxt,neutral
23,Online Media,29/2/2024,TIME dotCom 2023财年净利和股息创纪录,All Categories,All products,2000,4000,THE EDGE,https://www.theedgemalaysia.com/node/702943,neutral
24,Online Media,29/2/2024,"MAHB, Bintulu Port, Affin Bank, Capital A, MRCB, Sarawak Oil Palms, CIMB, TIME dotCom, AirAsia X, D",All Categories,All products,2000,4000,THE EDGE,https://theedgemalaysia.com/node/702980,positive
1,Online Media,1/3/2024,"MAHB, Bintulu Port, Affin Bank, Capital A, MRCB, Sarawak Oil Palms, CIMB, TIME dotCom, AirAsia X, D",All Categories,All products,1600,3200,KLSE SCREENER,https://www.klsescreener.com/v2/news/view/1286221/mahb-bintulu-port-affin-bank-capital-a-mrcb-sarawak-oil-palms-cimb-time-dotcom-airasia-x-drb-hicom-s-p-setia-ihh-tropicana-genting-7-eleven-malaysia,positive
2,Online Media,1/3/2024,"MAHB, Bintulu Port, Affin Bank, Capital A, MRCB, Sarawak Oil Palms, CIMB, TIME dotCom, AirAsia X, D",All Categories,All products,2000,4000,NEWSWAV.COM,https://newswav.com/article/mahb-bintulu-port-affin-bank-capital-a-mrcb-sarawak-oil-palms-cimb-time-dot-A2402_xvuEkM,positive
3,Online Media,1/3/2024,"Trading ideas: MAHB, Affin Bank, Capital A, MRBC, Sarawak Oil Palms, CIMB, TIME dotcom, AAX, DRB-Hi",All Categories,All products,11200,22400,THE STAR ONLINE - MY,https://www.thestar.com.my/business/business-news/2024/03/01/trading-ideas-mahb-affin-bank-capital-a-mrbc-sarawak-oil-palms-cimb-time-dotcom-aax-drb-hicom-sp-setia-ihh-tropicana-and-genting,negative
4,Online Media,1/3/2024,"Trading ideas: MAHB, Affin Bank, Capital A, MRBC, Sarawak Oil Palms, CIMB, TIME dotcom, AAX, DRB-Hi",All Categories,All products,1600,3200,KLSE SCREENER,https://www.klsescreener.com/v2/news/view/1286319/trading-ideas-mahb-affin-bank-capital-a-mrbc-sarawak-oil-palms-cimb-time-dotcom-aax-drb-hicom-sp-setia-ihh-tropicana-and-genting,negative
5,Online Media,1/3/2024,"Trading ideas: MAHB, Affin Bank, Capital A, MRBC, Sarawak Oil Palms, CIMB, TIME dotcom, AAX, DRB-Hi",All Categories,All products,2000,4000,BERITAKINI,https://beritakini.biz/trading-ideas-mahb-affin-bank-capital-a-mrbc-sarawak-oil-palms-cimb-time-dotcom-aax-drb-hicom-sp-setia-ihh-tropicana-and-genting/,negative
6,Online Media,1/3/2024,Kenanga Today Highlights - 01 Mar 2024,All Categories,All products,8400,16800,I3INVESTOR MY,https://klse.i3investor.com/web/blog/detail/kenangaresearch/2024-03-01-story-h-187412878-Kenanga_Today_Highlights_01_Mar_2024,negative
7,Online Media,1/3/2024,Kenanga Today Highlights - 01 Mar 2024,All Categories,All products,1000,2000,I3INVESTOR,https://klse1.i3investor.com/blogs/kenangaresearch/2024-03-01-story-h-187412878-Kenanga_Today_Highlights_01_Mar_2024.jsp,negative
8,Online Media,1/3/2024,Mplus Market Pulse - 01 Mar 2024,All Categories,All products,1000,2000,I3INVESTOR,https://klse1.i3investor.com/blogs/MplusOnline/2024-03-01-story-h-187412824-Mplus_Market_Pulse_01_Mar_2024.jsp,positive
9,Online Media,1/3/2024,Mplus Market Pulse - 01 Mar 2024,All Categories,All products,8400,16800,I3INVESTOR MY,https://klse.i3investor.com/web/blog/detail/MplusOnline/2024-03-01-story-h-187412824-Mplus_Market_Pulse_01_Mar_2024,positive
10,Online Media,1/3/2024,Time DotCom - Cost Pressures; Downgrade to NEUTRAL,All Categories,All products,1000,2000,I3INVESTOR,https://klse1.i3investor.com/blogs/rhbinvest/2024-03-01-story-h-187412042-Time_DotCom_Cost_Pressures_Downgrade_to_NEUTRAL.jsp,positive
11,Online Media,1/3/2024,Time DotCom - Cost Pressures; Downgrade to NEUTRAL,All Categories,All products,8400,16800,I3INVESTOR MY,https://klse.i3investor.com/web/blog/detail/rhbinvest/2024-03-01-story-h-187412042-Time_DotCom_Cost_Pressures_Downgrade_to_NEUTRAL,positive
12,Online Media,1/3/2024,"MAHB, Bintulu Port, Affin Bank, Capital A, MRCB, Sarawak Oil Palms, CIMB, TIME dotCom, AirAsia X, D",All Categories,All products,3000,6000,JOHOR BIZ NETWORK,https://www.johorbiznet.com/2024/03/01/mahb-bintulu-port-affin-bank-capital-a-mrcb-sarawak-oil-palms-cimb-time-dotcom-airasia-x-drb-hicom-s-p-setia-ihh-tropicana-genting-7-eleven-malaysia-the-edge-malaysia/,neutral
13,Online Media,1/3/2024,"1 MAC 2024 SAMBUTAN HARI HASIL KE-28: PENDEKATAN INSANI, MENDOKONG ASPIRASI MALAYSIA MADANI",All Categories,All products,5000,10000,MEDIA RELATIONS AND EVENT MANAGEMENT,http://mrembm.bernama.com/viewsm.php?idm=17948,positive
14,Online Media,3/3/2024,Sambutan Hari HASiL Ke-28 Pada 1 Mac 2024,All Categories,All products,4800,9600,SIAKAP KELI,https://siakapkeli.my/2024/03/03/sambutan-hari-hasil-ke-28-pada-1-mac-2024,positive
15,Online Media,2/3/2024,Loke: Putrajaya to restore cabotage exemption for foreign cable repair vessels,"Enterprise, Wholesale, or Public Sector",Enterprise products,5600,11200,MSN.COM MALAY,https://www.msn.com/en-my/money/topstories/loke-putrajaya-to-restore-cabotage-exemption-for-foreign-cable-repair-vessels/ar-BB1j9Nw9,positive
16,Online Media,4/3/2024,Taraf saranan TIME diturunkan kepada ‘neutral' selepas prestasi FY23 di bawah jangkaan – RHB Invest,All Categories,All products,2000,4000,DAGANG NEWS,https://www.dagangnews.com/index.php/article/taraf-saranan-time-diturunkan-kepada-neutral-selepas-prestasi-fy23-di-bawah-jangkaan-rhb-investment-35447,positive
17,Online Media,8/3/2024,"PNB, EPF bag RM12.55b in FY2023 dividends from top 50 PLCs",All Categories,All products,2000,4000,THE EDGE,https://www.theedgemalaysia.com/node/703838,positive
18,Online Media,8/3/2024,"PNB, EPF bag RM12.55b in FY2023 dividends from top 50 PLCs",All Categories,All products,1600,3200,KLSE SCREENER,https://www.klsescreener.com/v2/news/view/1290441/pnb-epf-bag-rm12-55b-in-fy2023-dividends-from-top-50-plcs,positive
19,Online Media,8/3/2024,"PNB, EPF bag RM12.55b in FY2023 dividends from top 50 PLCs",All Categories,All products,8400,16800,I3INVESTOR MY,https://klse.i3investor.com/web/blog/detail/savemalaysia/2024-03-08-story-h-186605643-PNB_EPF_bag_RM12_55b_in_FY2023_dividends_from_top_50_PLCs,positive
20,Online Media,8/3/2024,"PNB, EPF bag RM12.55b in FY2023 dividends from top 50 PLCs",All Categories,All products,1000,2000,I3INVESTOR,https://klse1.i3investor.com/blogs/savemalaysia/2024-03-08-story-h-186605643-PNB_EPF_bag_RM12_55b_in_FY2023_dividends_from_top_50_PLCs.jsp,positive
21,Online Media,8/3/2024,"PNB, EPF bag RM12.55 bil in FY2023 dividends from top 50 PLCs",All Categories,All products,2000,4000,NEWSWAV.COM,https://newswav.com/article/pnb-epf-bag-rm12-55b-in-fy2023-dividends-from-top-50-plcs-A2403_JX9KHz,positive
22,Online Media,12/3/2024,MyIX Offers New Network Infrastructure Training Programme,"Enterprise, Wholesale, or Public Sector",Enterprise products,2000,4000,TECHBARISSTA,https://www.techbarrista.com/myix-offers-new-network-infrastructure-training-programme/,positive
23,Online Media,12/3/2024,MyIX Boosts CSR With Network Infrastructure Training Programme,"Enterprise, Wholesale, or Public Sector",Enterprise products,3000,6000,BIZVANTAGE 360,https://www.bizvantage360.com/myix-boosts-csr-with-network-infrastructure-training-programme/,positive
24,Online Media,12/3/2024,MyIX introduces Network Infrastructure Training Programme as part of National CSR efforts,"Enterprise, Wholesale, or Public Sector",Enterprise products,2000,4000,BUSINESS TODAY MY,https://www.businesstoday.com.my/2024/03/12/myix-introduces-network-infrastructure-training-programme-as-part-of-national-csr-efforts/,positive
25,Online Media,12/3/2024,MyIX Trains 25 Participant in Network Infrastructure Training Programme,"Enterprise, Wholesale, or Public Sector",Enterprise products,1000,2000,BUSINESS CIRCLE KL,https://www.businesscirclekl.com/myix-trains-25-participant-in-network-infrastructure-training-programme/,positive
26,Online Media,12/3/2024,MyIX commences network infrastructure training programme as part of national CSR efforts,"Enterprise, Wholesale, or Public Sector",Enterprise products,1000,2000,I3INVESTOR,https://klse1.i3investor.com/blogs/savemalaysia/2024-03-12-story-h-186510565-MyIX_commences_network_infrastructure_training_programme_as_part_of_nat.jsp,positive
27,Online Media,12/3/2024,MyIX commences Network Infrastructure Training Programme as part of National CSR efforts,"Enterprise, Wholesale, or Public Sector",Enterprise products,11200,22400,MALAYSIA KINI - MY,https://www.malaysiakini.com/announcement/699090,positive
28,Online Media,12/3/2024,MyIX commences Network Infrastructure Training Programme as part of national Corporate Social Respo,"Enterprise, Wholesale, or Public Sector",Enterprise products,4000,8000,DIGITAL NEWS ASIA,https://www.digitalnewsasia.com/business/myix-commences-network-infrastructure-training-programme-part-national-corporate-social,positive
29,Online Media,13/3/2024,"Telcos to provide parental control tools to curb kid's use of social media, says Fahmi",Fibre to the Home,All Fibre to the Home Products,2000,4000,BERITAKINI,https://beritakini.biz/telcos-to-provide-parental-control-tools-to-curb-kids-use-of-social-media-says-fahmi/,positive
30,Online Media,13/3/2024,"Telcos to provide parental control tools to curb kid's use of social media, says Fahmi",Fibre to the Home,All Fibre to the Home Products,11200,22400,THE STAR ONLINE - MY,https://www.thestar.com.my/news/nation/2024/03/13/telcos-to-provide-parental-control-tools-to-curb-kid039s-use-of-social-media-says-fahmi,positive
31,Online Media,12/3/2024,MyIX commences network infrastructure training programme as part of national CSR efforts,"Enterprise, Wholesale, or Public Sector",Enterprise products,8400,16800,I3INVESTOR MY,https://klse.i3investor.com/web/blog/detail/savemalaysia/2024-03-12-story-h-186510565-MyIX_commences_network_infrastructure_training_programme_as_part_of_nat,positive
32,Online Media,14/3/2024,Saving kids from social media ills,Fibre to the Home,All Fibre to the Home Products,11200,22400,THE STAR ONLINE - MY,https://www.thestar.com.my/news/nation/2024/03/14/saving-kids-from-social-media-ills,positive
33,Online Media,19/3/2024,Sektor telekomunikasi berdepan kekangan kesan ketidaktentuan pelancaran rangkaian kedua 5G – RHB In,"Enterprise, Wholesale, or Public Sector",Enterprise products,2000,4000,DAGANG NEWS,https://www.dagangnews.com/article/sektor-telekomunikasi-berdepan-kekangan-kesan-ketidaktentuan-pelancaran-rangkaian-kedua-5g-rhb-investment-35946,positive
34,Online Media,21/3/2024,Cover Story: Less dividends seen for GLICs in 2024 as special payouts wane,All Categories,All products,1600,3200,KLSE SCREENER,https://www.klsescreener.com/v2/news/view/1297409/cover-story-less-dividends-seen-for-glics-in-2024-as-special-payouts-wane,positive
35,Online Media,21/3/2024,Cover Story: Less dividends seen for GLICs in 2024 as special payouts wane,All Categories,All products,5600,11200,MSN.COM MALAY,https://www.msn.com/en-my/money/topstories/cover-story-less-dividends-seen-for-glics-in-2024-as-special-payouts-wane/ar-BB1kgrTL,positive
36,Online Media,21/3/2024,Cover Story: Less dividends seen for GLICs in 2024 as special payouts wane,All Categories,All products,2000,4000,THE EDGE,https://www.theedgemalaysia.com/node/704146,positive
37,Online Media,25/3/2024,AHAM Asset Management shines in mixed assets,All Categories,All products,2000,4000,NEWSWAV.COM,https://newswav.com/article/aham-asset-management-shines-in-mixed-assets-A2403_l9f0Nz,positive
38,Online Media,26/3/2024,TIME dotCom CFO Shahnaz Farouque resigns to pursue other opportunities,All Categories,All products,2000,4000,THE EDGE,https://www.theedgemalaysia.com/node/706022,positive
39,Online Media,26/3/2024,TIME dotCom CFO Shahnaz Farouque resigns to pursue other opportunities,All Categories,All products,1600,3200,KLSE SCREENER,https://www.klsescreener.com/v2/news/view/1300173/TIME_dotCom_CFO_Shahnaz_Farouque_resigns_to_pursue_other_opportunities,positive
40,Online Media,27/3/2024,"Yinson, United Malacca, Kim Loong Resources, Scientex, Glomac, SSF Home, MCE, Marine & General, TIM",All Categories,All products,2000,4000,NEWSWAV.COM,https://newswav.com/article/yinson-united-malacca-kim-loong-resources-scientex-glomac-ssf-home-mce-mari-A2403_DfTL7k,positive
41,Online Media,27/3/2024,"Yinson, United Malacca, Kim Loong Resources, Scientex, Glomac, SSF Home, MCE, Marine & General, TIM",All Categories,All products,1600,3200,KLSE SCREENER,https://www.klsescreener.com/v2/news/view/1300363/yinson-united-malacca-kim-loong-resources-scientex-glomac-ssf-home-mce-marine-general-time-dotcom-and-keyfield,positive
42,Online Media,27/3/2024,TIME dotCom CFO Shahnaz Farouque resigns to pursue other opportunities,All Categories,All products,5600,11200,MSN.COM MALAY,https://www.msn.com/en-my/money/topstories/time-dotcom-cfo-shahnaz-farouque-resigns-to-pursue-other-opportunities/ar-BB1kyhVi,positive
43,Online Media,27/3/2024,"Yinson, United Malacca, Kim Loong Resources, Scientex, Glomac, SSF Home, MCE, Marine & General, TIM",All Categories,All products,5600,11200,MSN.COM MALAY,https://www.msn.com/en-my/money/topstories/yinson-united-malacca-kim-loong-resources-scientex-glomac-ssf-home-mce-marine-general-time-dotcom-and-keyfield/ar-BB1kzyfo,positive
44,Online Media,26/3/2024,TIME dotCom CFO Shahnaz Farouque resigns to pursue other opportunities,All Categories,All products,2000,4000,NEWSWAV.COM,https://newswav.com/article/time-dotcom-cfo-shahnaz-farouque-resigns-to-pursue-other-opportunities-A2403_pDFazr,positive
45,Online Media,27/3/2024,TIME dotcom CFO Shahnaz Farouque resigns for other career opportunities,All Categories,All products,4800,9600,NST ONLINE - MY,https://www.nst.com.my/business/corporate/2024/03/1030997/time%C2%A0dotcom-cfo-shahnaz-farouque-resigns-other-career,positive
46,Online Media,27/3/2024,TIME dotcom CFO Shahnaz Farouque resigns for other career opportunities,All Categories,All products,2000,4000,LUMI NEWS MALAYSIA,https://luminews.my/news/2070285,neutral
47,Online Media,27/3/2024,TIME dotcom CFO Shahnaz Farouque resigns for other career opportunities,All Categories,All products,1600,3200,KLSE SCREENER,https://www.klsescreener.com/v2/news/view/1300477/time-dotcom-cfo-shahnaz-farouque-resigns-for-other-career-opportunities,positive
48,Online Media,27/3/2024,TIME DotCom CFO Shahnaz Farouque Resigns to Pursue Other Opportunities,All Categories,All products,8400,16800,I3INVESTOR MY,https://klse.i3investor.com/web/blog/detail/ceomorningbrief/2024-03-27-story-h-185497485-TIME_DotCom_CFO_Shahnaz_Farouque_Resigns_to_Pursue_Other_Opportunities,positive
49,Online Media,27/3/2024,TIME DotCom CFO Shahnaz Farouque Resigns to Pursue Other Opportunities,All Categories,All products,1000,2000,I3INVESTOR,https://klse1.i3investor.com/blogs/ceomorningbrief/2024-03-27-story-h-185497485-TIME_DotCom_CFO_Shahnaz_Farouque_Resigns_to_Pursue_Other_Opportunities.jsp,positive
50,Online Media,30/3/2024,TIME Mula Tawarkan “Speed Boost” Kepada Pelanggan Sedia Ada – Kelajuan Internet Ditingkatkan,Fibre to the Home,All Fibre to the Home Products,1000,2000,AMANZ.MY/WP-CONTENT/WEBP-EXPRESS/WEBP-IMAGES/UPLOADS/2024/03/TIME-600MBPS.JPG.WEBP,https://amanz.my/2024447458/,positive
1,Online Media,1/4/2024,Time is rolling out a free Internet speed upgrade to subscribers,Fibre to the Home,All Fibre to the Home Products,11200,22400,THE STAR ONLINE - MY,positive,positive
2,Online Media,1/4/2024,Time is rolling out a free Internet speed upgrade to subscribers,Fibre to the Home,All Fibre to the Home Products,2000,4000,TOPSPOTMALAYSIA,positive,positive
3,Online Media,2/4/2024,Pelanggan Sedia Ada Time Akan Terima Naik Taraf Kelajuan Percuma,Fibre to the Home,All Fibre to the Home Products,2000,4000,LUMI NEWS MALAYSIA,neutral,neutral
4,Online Media,2/4/2024,Pelanggan Sedia Ada Time Akan Terima Naik Taraf Kelajuan Percuma,Fibre to the Home,All Fibre to the Home Products,3000,6000,WISER.MY,negative,negative
5,Online Media,2/4/2024,"AIMS to begin construction of Cyberjaya Block 3, eyes completion by 2Q2025","Enterprise, Wholesale, or Public Sector",Enterprise products,1600,3200,KLSE SCREENER,positive,positive
6,Online Media,2/4/2024,"AIMS to begin construction of Cyberjaya Block 3, eyes completion by 2Q2025","Enterprise, Wholesale, or Public Sector",Enterprise products,2000,4000,THE EDGE,positive,positive
7,Online Media,2/4/2024,"AIMS to begin construction of Cyberjaya Block 3, eyes completion by 2Q2025","Enterprise, Wholesale, or Public Sector",Enterprise products,2000,4000,NEWSWAV.COM,positive,positive
8,Online Media,3/4/2024,Time dotCom gives everyone a free broadband speed boost,Fibre to the Home,All Fibre to the Home Products,2000,4000,DISPATCHIST,positive,positive
9,Online Media,4/4/2024,Gamuda shares hit new record high as CIMB flags potential data centre jobs,"Enterprise, Wholesale, or Public Sector",Enterprise products,2000,4000,NEWSWAV.COM,neutral,neutral
10,Online Media,4/4/2024,料再获数据中心合约 金务大刷新高,All Categories,All products,2000,4000,THE EDGE,neutral,neutral
11,Online Media,4/4/2024,料再获数据中心合约 金务大刷新高,All Categories,All products,2000,4000,NEWSWAV.COM,neutral,neutral
12,Online Media,4/4/2024,KLSE Screener,All Categories,All products,1600,3200,KLSE SCREENER,neutral,neutral
13,Online Media,4/4/2024,Gamuda shares hit new record high as CIMB flags potential data centre jobs,"Enterprise, Wholesale, or Public Sector",Enterprise products,1600,3200,KLSE SCREENER,neutral,neutral
14,Online Media,4/4/2024,Gamuda shares hit new record high as CIMB flags potential data centre jobs,"Enterprise, Wholesale, or Public Sector",Enterprise products,2000,4000,THE EDGE,neutral,neutral
15,Online Media,3/4/2024,"AIMS to begin construction of Cyberjaya Block 3, eyes completion by 2Q2025","Enterprise, Wholesale, or Public Sector",Enterprise products,3000,6000,EDGE PROPERTY,positive,positive
16,Online Media,4/4/2024,Gamuda shares hit new record high as CIMB reports potential data center jobs,"Enterprise, Wholesale, or Public Sector",Enterprise products,285791,571582,NEWS BEEZER - Indonesia,negative,negative
17,Online Media,4/4/2024,Gamuda shares hit new record high as CIMB flags potential data centre jobs,"Enterprise, Wholesale, or Public Sector",Enterprise products,5600,11200,MSN.COM MALAY,positive,positive
18,Online Media,2/4/2024,"Malaysia’s AIMS completes second expansion in Cyberjaya, announces third expansion","Enterprise, Wholesale, or Public Sector",Enterprise products,1000,2000,DATACENTERDYNAMICS,positive,positive
19,Online Media,1/4/2024,Institutional investors own a significant stake of 41% in TIME dotCom Berhad (KLSE:TIMECOM),All Categories,All products,1000,2000,DEVELOPINGTELECOMS.COM,positive,positive
20,Online Media,16/4/2024,"Services Restored, TIME Internet Releases Heartfelt Apology",Fibre to the Home,All Fibre to the Home Products,8400,16800,LOWYAT,positive,neutral
21,Online Media,15/4/2024,"Time Internet outage affects almost half of its customers, said to be the worst downtime in its history",Fibre to the Home,All Fibre to the Home Products,3000,6000,SOYACINCAU,positive,neutral
22,Online Media,15/4/2024,Pelanggan TIME alami gangguan internet?,Fibre to the Home,All Fibre to the Home Products,3600,7200,ASTRO AWANI,negative,negative
23,Online Media,16/4/2024,"Time Internet outage affects almost half of its customers, said to be the worst downtime in its history",Fibre to the Home,All Fibre to the Home Products,5600,11200,MSN.COM,neutral,neutral
24,Online Media,15/4/2024,Time Charge N Go: Say hello to the fibre company’s new EV charging venture,"Enterprise, Wholesale, or Public Sector",Enterprise products,3000,6000,SOYACINCAU,negative,neutral
1,Online Media,20/5/2024,Data centre-linked stocks gain traction on news flow,"Enterprise, Wholesale, or Public Sector",Enterprise products,2000,4000,NEWSWAV.COM,positive,positive
2,Online Media,20/5/2024,Data centre-linked stocks gain traction on news flow,"Enterprise, Wholesale, or Public Sector",Enterprise products,2000,4000,THE EDGE,positive,positive
3,Online Media,20/5/2024,Data centre-linked stocks gain traction on news flow,"Enterprise, Wholesale, or Public Sector",Enterprise products,1600,3200,KLSE SCREENER,positive,positive
4,Online Media,20/5/2024,Data centre-linked stocks gain traction on news flow,"Enterprise, Wholesale, or Public Sector",Enterprise products,8400,16800,I3INVESTOR MY,positive,positive
5,Online Media,20/5/2024,Data centre-linked stocks gain traction on news flow,"Enterprise, Wholesale, or Public Sector",Enterprise products,1000,2000,I3INVESTOR,positive,positive
6,Online Media,20/5/2024,Data centre-linked stocks gain traction on news flow,"Enterprise, Wholesale, or Public Sector",Enterprise products,5600,11200,MSN.COM MALAY,positive,positive
7,Online Media,20/5/2024,Data center-related stocks are gaining prominence in the news flow,"Enterprise, Wholesale, or Public Sector",Enterprise products,285791,571582,NEWS BEEZER - Indonesia,positive,positive
8,Online Media,20/5/2024,Data centre-linked stocks gain traction on news flow,"Enterprise, Wholesale, or Public Sector",Enterprise products,5000,10000,VNEXPLORER.NET,positive,positive
9,Online Media,30/5/2024,Time DotCom - Staying Focused,"Enterprise, Wholesale, or Public Sector",Enterprise products,1000,2000,I3INVESTOR,positive,positive
10,Online Media,30/5/2024,Time DotCom - Staying Focused,"Enterprise, Wholesale, or Public Sector",Enterprise products,8400,16800,I3INVESTOR MY,positive,positive
11,Online Media,31/5/2024,TdC retail ops gaining momentum on reach expansion,Fibre to the Home,Fibre to the Home - 12 Months Contract,11200,22400,THE STAR ONLINE - MY,positive,positive
1,Online Media,14/6/2024,TIME Internet Launches 12-Month Plan Starting At RM119 Per Month For Frequent Movers And Renters,Fibre to the Home,Fibre to the Home - 12 Months Contract,2000,4000,NEWSWAV.COM,positive,positive
2,Online Media,12/6/2024,TIME Internet Introduces New 12-Month Plan; Starts From RM119/month,Fibre to the Home,Fibre to the Home - 12 Months Contract,8400,16800,LOWYAT,positive,positive
3,Online Media,14/6/2024,TIME Internet Launches 12-Month Plan Starting At RM119 Per Month For Frequent Movers And Renters,Fibre to the Home,Fibre to the Home - 12 Months Contract,2000,4000,LUMI NEWS MALAYSIA,positive,positive
4,Online Media,14/6/2024,Time lancar pelan Internet 12 bulan baharu untuk penyewa dan mereka yang kerap pindah,Fibre to the Home,Fibre to the Home - 12 Months Contract,3000,6000,TECHNAVE BM,positive,positive
5,Online Media,14/6/2024,"Renters & frequent movers in M'sia, TIME has a new 12-mth internet plan to match your lease",Fibre to the Home,Fibre to the Home - 12 Months Contract,2000,4000,NEWSWAV.COM,neutral,positive
6,Online Media,14/6/2024,"Renters & frequent movers in M'sia, TIME has a new 12-mth internet plan to match your lease",Fibre to the Home,Fibre to the Home - 12 Months Contract,3000,6000,VULCAN POST,neutral,positive
1,Online Media,17/7/2024,TIME dotCom Berhad - “Retail Drives Growth with Strong Data Demand”,Fibre to the Home,All Fibre to the Home Products,1000,2000,I3INVESTOR,positive,positive
2,Online Media,17/7/2024,TIME dotCom Berhad - “Retail Drives Growth with Strong Data Demand”,Fibre to the Home,All Fibre to the Home Products,8400,16800,I3INVESTOR MY,positive,positive
1,Online,10/8/2024,TIME tawar router WiFi 7 percuma untuk pelanggan baru 600Mpbs dan 1Gbps,Fibre to the Home,"600Mbps, 1Gbps",2000,6000,Fuzz My,Neutral News,Neutral News
2,Online,9/8/2024,Time Tawar Router WiFi 7 Percuma Untuk Langganan 600Mbps Dan 1Gbps,Fibre to the Home,"600Mbps, 1Gbps",2000,6000,ohsemput.com,Neutral News,Neutral News
3,Online,9/8/2024,Time now bundles WiFi 7 router on 600Mbps and 1Gbps fibre broadband plans,Fibre to the Home,"600Mbps, 1Gbps",3000,9000,SoyaCincau,Neutral News,Neutral News
4,Online,9/8/2024,Time now bundles WiFi 7 router on 600Mbps and 1Gbps fibre broadband plans,Fibre to the Home,"600Mbps, 1Gbps",5600,16800,www.msn.com,Neutral News,Neutral News
5,Online,9/8/2024,Time now bundles WiFi 7 router on 600Mbps and 1Gbps fibre broadband plans,Fibre to the Home,"600Mbps, 1Gbps",2000,6000,newswav,Neutral News,Neutral News
6,Online,9/8/2024,Time Tawar Router WiFi 7 Percuma Untuk Langganan 600Mbps Dan 1Gbps,Fibre to the Home,"600Mbps, 1Gbps",4000,12000,vireal hub,Neutral News,Neutral News
7,Online,9/8/2024,Time Tawar Router WiFi 7 Percuma Untuk Langganan 600Mbps Dan 1Gbps,Fibre to the Home,"600Mbps, 1Gbps",3000,9000,wiser.my BM,Neutral News,Neutral News
8,Online,9/8/2024,TIME Internet Offering Free WiFi 7 Devices To New 600Mbps And 1Gbps Subscribers,Fibre to the Home,"600Mbps, 1Gbps",8400,25200,Lowyat.net,Positive News,Positive News
9,Online,9/8/2024,TIME Internet Menawarkan WiFi Percuma untuk 7 Peranti kepada Pelanggan Baru 600Mbps dan 1Gbps,Fibre to the Home,"600Mbps, 1Gbps",2000,6000,Edisi Viral,Positive News,Positive News
10,Online,9/8/2024,TIME Spearheading WiFi 7 Adoption in Malaysia: Free Devices with Existing Plans,Fibre to the Home,"600Mbps, 1Gbps",3000,9000,Adam Lobo TV,Neutral News,Neutral News
11,Newspaper,9/8/2024,Time brings Wifi 7 to customers' homes,Fibre to the Home,"600Mbps, 1Gbps",59.1,177.3,Asia Times (Pulse),Positive News,Positive News
12,Newspaper,9/8/2024,Time brings WiFi 7 to customers' homes,Fibre to the Home,"600Mbps, 1Gbps",521.85,1565.55,The Sun,Positive News,Positive News
13,Online,8/8/2024,TIME Menawarkan Pelan Internet Dengan Pilihan Kontrak 12 Bulan,Fibre to the Home,"600Mbps, 1Gbps",1000,3000,bicarakuu.blogspot.com,Positive News,Positive News
14,Online,8/8/2024,"TIME bagi Router WiFi 7 percuma kepada pelanggan, pertama di Malaysia",Fibre to the Home,"600Mbps, 1Gbps",3600,10800,Soya Cincau BM,Positive News,Positive News
15,Online,8/8/2024,"TIME announced that it will provide users with WiFi 7 routers, which can be obtained for free or upgraded at RM19 per month for selected packages",Fibre to the Home,"600Mbps, 1Gbps",3000,9000,Technave CN,Positive News,Positive News
16,Online,8/8/2024,TIME Internet offers WiFi 7 router on 600Mbps and 1Gbps plan,Fibre to the Home,"600Mbps, 1Gbps",3000,9000,KL Gadget Guy,Positive News,Positive News
17,Online,8/8/2024,TIME subscribers can now get WiFi 7 devices for free or upgrade from RM19 per month,Fibre to the Home,"600Mbps, 1Gbps",2000,6000,Lumi News Malaysia,Neutral News,Neutral News
18,Online,8/8/2024,"TIME announced that it will provide users with WiFi 7 routers, which can be obtained for free or upgraded at RM19 per month for selected packages",Fibre to the Home,"600Mbps, 1Gbps",2000,6000,Lumi News Malaysia CN,Neutral News,Neutral News
19,Online,8/8/2024,Time To Offer Free WiFi 7 Devices With Existing Plans,Fibre to the Home,"600Mbps, 1Gbps",2000,6000,Lumi News Malaysia,Neutral News,Neutral News
20,Online,8/8/2024,TIME kini tawarkan 'router' WiFi 7 dalam semua pelan internetnya,Fibre to the Home,"600Mbps, 1Gbps",2000,6000,Lumi News Malaysia BM,Neutral News,Neutral News
21,Online,8/8/2024,TIME Internet offers WiFi 7 router on 600Mbps and 1Gbps plan,Fibre to the Home,"600Mbps, 1Gbps",2000,6000,Newswav.com,Positive News,Positive News
22,Online,8/8/2024,"TIME bagi Router WiFi 7 percuma kepada pelanggan, pertama di Malaysia",Fibre to the Home,"600Mbps, 1Gbps",2000,6000,Newswav.com BM,Positive News,Positive News
23,Online,8/8/2024,TIME subscribers can now get WiFi 7 devices for free or upgrade from RM19 per month,Fibre to the Home,"600Mbps, 1Gbps",3000,9000,TechNave,Positive News,Positive News
24,Online,8/8/2024,Time To Offer Free WiFi 7 Devices With Existing Plans,Fibre to the Home,"600Mbps, 1Gbps",3000,9000,TechTRP,Positive News,Positive News
25,Online,8/8/2024,TIME Launches Latest Generation Of Wireless Networking,Fibre to the Home,"600Mbps, 1Gbps",2000,6000,Business Today,Positive News,Positive News
27,Online Media,8/8/2024,Time To Offer Free WiFi 7 Devices With Existing Plans,Fibre to the Home,"600Mbps, 1Gbps",3000,6000,TECH TRP,positive,positive
28,Online Media,9/8/2024,TIME Internet Offering Free WiFi 7 Devices To New 600Mbps And 1Gbps Subscribers,Fibre to the Home,"600Mbps, 1Gbps",8400,16800,LOWYAT,positive,positive
29,Online Media,9/8/2024,TIME Internet Menawarkan WiFi 7 kepada Pelanggan Baru 600Mbps dan 1Gbps,Fibre to the Home,"600Mbps, 1Gbps",1000,2000,Plus Edisi Viral,positive,positive
30,Online Media,26/8/2024,"TIME dotCom posts RM99m profit, 18.93 sen dividend in 2Q",All Categories,All products,2000,6000,NEWSWAV.COM,negative,negative
31,Online Media,26/8/2024,"Time Dotcom's 2Q Net Profit Down To RM99.05 Mln, Declares Special Dividend",All Categories,All products,5000,15000,BERNAMA - MY,positive,positive
32,Online Media,26/8/2024,"TIME dotCom posts RM99m profit, 18.93 sen dividend in 2Q",All Categories,All products,1600,4800,KLSE SCREENER,positive,positive
33,Online Media,26/8/2024,"TIME dotCom posts RM99m profit, 18.93 sen dividend in 2Q",All Categories,All products,2000,6000,THE EDGE,positive,positive
34,Online Media,26/8/2024,"TIME dotCom posts RM99m profit, 18.93 sen dividend in 2Q",All Categories,All products,5600,16800,MSN.COM MALAY,positive,positive
35,Online Media,26/8/2024,"Tropicana, KUB Malaysia, Infraharta, Texchem, T7 Global, Globaltec, Velesto, Signature Internationa",All Categories,All products,2000,6000,THE EDGE,positive,positive
36,Online Media,27/8/2024,"Tropicana, KUB Malaysia, Infraharta, Texchem, T7 Global, Globaltec, Velesto, Signature Internationa",All Categories,All products,1600,4800,KLSE SCREENER,positive,positive
37,Online Media,27/8/2024,"Tropicana, KUB Malaysia, Infraharta, Texchem, T7 Global, Globaltec, Velesto, Signature Internationa",All Categories,All products,1600,4800,KLSE SCREENER,positive,positive
38,Online Media,27/8/2024,"Tropicana, KUB Malaysia, Infraharta, Texchem, T7 Global, Globaltec, Velesto, Signature Internationa",All Categories,All products,5600,16800,MSN.COM MALAY,positive,positive
39,Online Media,26/8/2024,"TIME dotCom posts RM99m profit, 18.93 sen dividend in 2Q",All Categories,All products,3000,9000,PICK STOCK,positive,positive
40,Online Media,27/8/2024,"Time Dotcom's Q2 net profit down to RM99.05 mil, declares special dividend",All Categories,All products,4800,14400,NST ONLINE - MY,positive,positive
41,Online Media,27/8/2024,"TIME DotCom Posts RM99m Profit, 18.93 Sen Dividend in 2Q",All Categories,All products,1000,3000,I3INVESTOR,positive,positive
42,Online Media,27/8/2024,"Time Dotcom's Q2 net profit down to RM99.05 mil, declares special dividend",All Categories,All products,1600,4800,KLSE SCREENER,positive,positive
43,Online Media,27/8/2024,"Time Dotcom's Q2 net profit down to RM99.05 mil, declares special dividend",All Categories,All products,2000,6000,LUMI NEWS MALAYSIA,neutral,neutral
44,Online Media,27/8/2024,"TIME DotCom Posts RM99m Profit, 18.93 Sen Dividend in 2Q",All Categories,All products,8400,25200,I3INVESTOR MY,positive,positive
45,Online Media,26/8/2024,Untung bersih Time Dotcom susut kepada RM99.05 juta,All Categories,All products,6400,19200,BHARIAN ONLINE - MY,positive,positive
46,Online Media,26/8/2024,"Untung Bersih Suku Kedua Time Dotcom Susut Kepada RM99.05 Juta, Umum Dividen Khas",All Categories,All products,5000,15000,BERNAMA - MY,positive,positive
47,Online Media,26/8/2024,TIME dotCom second quarter net profit was 99.05 million and its dividend was 18.93 cents,All Categories,All products,2000,6000,NEWSWAV.COM,neutral,neutral
48,Online Media,26/8/2024,Pendapatan Time dotCom pada 1HFY24 naik 10.4% didorong permintaan data berterusan,All Categories,All products,2000,6000,NEWSWAV.COM,neutral,neutral
49,Online Media,26/8/2024,Time delivers robust 1H 2024 results,All Categories,All products,2000,6000,NEWSWAV.COM,positive,positive
50,Online Media,26/8/2024,TIME dotCom second quarter net profit was 99.05 million and its dividend was 18.93 cents,All Categories,All products,2000,6000,THE EDGE,neutral,neutral
51,Online Media,26/8/2024,Pendapatan Time dotCom pada 1HFY24 naik 10.4% didorong permintaan data berterusan,All Categories,All products,2000,6000,DAGANG NEWS,positive,positive
52,Online Media,26/8/2024,TIME dotCom second quarter net profit was 99.05 million and its dividend was 18.93 cents,All Categories,All products,1000,3000,KLSE SCREENER,neutral,neutral
53,Online Media,27/8/2024,Time DotCom - Holding Out For a New Narrative,All Categories,All products,8400,25200,I3INVESTOR MY,positive,positive
54,Online Media,27/8/2024,Time DotCom - Holding Out For a New Narrative,All Categories,All products,1000,3000,I3INVESTOR,positive,positive
55,Online Media,27/8/2024,"Untung Bersih Suku Kedua Time Dotcom Susut Kepada RM99.05 Juta, Umum Dividen Khas",All Categories,All products,3000,9000,THE KAPITAL,positive,positive
56,Online Media,27/8/2024,Time records quarterly earnings of RM99mil,All Categories,All products,11200,33600,THE STAR ONLINE - MY,positive,positive
57,Online Media,27/8/2024,TIME's Appealing Yield Offers Some Downside Protection,All Categories,All products,2000,6000,BUSINESS TODAY MY,positive,positive
58,Online Media,27/8/2024,"Time Dotcom's Q2 net profit down to RM99.05 mil, declares special dividend",All Categories,All products,3000,9000,PICK STOCK,positive,positive
59,Online Media,27/8/2024,MQ Market Updates - 27 August 2024,All Categories,All products,1000,3000,I3INVESTOR,positive,positive
60,Online Media,27/8/2024,MQ Market Updates - 27 August 2024,All Categories,All products,8400,25200,I3INVESTOR MY,positive,positive
61,Online Media,27/8/2024,"Time Dotcom's 2Q Net Profit Down To RM99.05 Mln, Declares Special Dividend",All Categories,All products,3000,9000,MALAYSIA NEWS GAZETTE,positive,positive
62,Online Media,27/8/2024,"Time Dotcom's 2Q Net Profit Down To RM99.05 Mln, Declares Special Dividend",All Categories,All products,30066290,90198870,SINGAPORE NEWS GAZETTE,positive,positive
63,Online Media,27/8/2024,"Time Dotcom's 2Q Net Profit Down To RM99.05 Mln, Declares Special Dividend",All Categories,All products,2000,6000,MALAYSIAN TRIBUNE,positive,positive
1,Online Media,2/9/2024,We Think TIME dotCom Berhad's (KLSE:TIMECOM) Robust Earnings Are Conservative,All Categories,All products,48106,144318,YAHOO FINANCE - SG,positive,positive
2,Online Media,3/9/2024,TM has ample headroom for more dividends,All Categories,All products,27726,83178,THE STAR ONLINE - MY,positive,positive
3,Online Media,4/9/2024,"BIMB keeps ‘overweight' call on telco sector on better 5G monetisation and certainty, data centres",All Categories,All products,1200,3600,KLSE SCREENER,positive,positive
4,Online Media,4/9/2024,"BIMB keeps ‘overweight' call on telco sector on better 5G monetisation and certainty, data centres",All Categories,All products,3000,9000,THE EDGE,positive,positive
5,Online Media,4/9/2024,5G和数据中心带动 BIMB维持电讯业增持评级,All Categories,All products,1200,3600,KLSE SCREENER,neutral,neutral
6,Online Media,4/9/2024,5G和数据中心带动 BIMB维持电讯业增持评级,All Categories,All products,3000,9000,THE EDGE,neutral,neutral
7,Online Media,4/9/2024,"Telekom Malaysia miliki ruang luas meningkatkan dividen, kata firma penganalisis",All Categories,All products,2000,6000,DAGANG NEWS,positive,neutral
8,Online Media,6/9/2024,Furious Malaysians want MACC to probe Khazanah's FashionValet fire-sale of one-tenth its 2019 value,All Categories,All products,8400,25200,I3INVESTOR MY,negative,negative
9,Online Media,6/9/2024,Furious Malaysians want MACC to probe Khazanah's FashionValet fire-sale of one-tenth its 2019 value,All Categories,All products,1000,3000,I3INVESTOR,negative,negative
10,Online Media,9/9/2024,马来西亚 MCMC 被要求放弃 DNS 重定向方案,All Categories,All products,1000,3000,KIA,neutral,neutral
11,Online Media,10/9/2024,[Trading Central] Time dotCom: short term rebound towards 5.27,All Categories,All products,6872,20616,SHAREINVESTOR.COM,negative,negative
12,Online Media,12/9/2024,[Trading Central] Time dotCom: the downside prevails as long as 4.85 is resistance,All Categories,All products,6872,20616,SHAREINVESTOR.COM,negative,negative
